korean_title,japanese_title,english_title
은혼,銀魂,Gintama
원피스,ONE PIECE,One Piece
헌터×헌터,HUNTER×HUNTER,Hunter x Hunter
나루토,NARUTO,Naruto
블리치,BLEACH,Bleach
드래곤볼,DRAGON BALL,Dragon Ball
슬램덩크,SLAM DUNK,Slam Dunk
데스노트,DEATH NOTE,Death Note
진격의 거인,進撃の巨人,Attack on Titan
귀멸의 칼날,鬼滅の刃,Demon Slayer
유유백서,幽☆遊☆白書,Yu Yu Hakusho
명탐정 코난,名探偵コナン,Detective Conan
도라에몽,ドラえもん,Doraemon
짱구는 못말려,クレヨンしんちゃん,Crayon Shin-chan
포켓몬스터,ポケットモンスター,Pokémon
원펀맨,ワンパンマン,One-Punch Man
주술회전,呪術廻戦,Jujutsu Kaisen
하이큐!!,ハイキュー!!,Haikyu!!
나의 히어로 아카데미아,僕のヒーローアカデミア,My Hero Academia
도쿄 구울,東京喰種,Tokyo Ghoul
강철의 연금술사,鋼の錬金術師,Fullmetal Alchemist
페어리 테일,FAIRY TAIL,Fairy Tail
도쿄 리벤저스,東京卍リベンジャーズ,Tokyo Revengers
체인소 맨,チェンソーマン,Chainsaw Man
스파이 패밀리,SPY×FAMILY,SPY×FAMILY
약속의 네버랜드,約束のネバーランド,The Promised Neverland
기생수,寄生獣,Parasyte
바람의 검심,るろうに剣心,Rurouni Kenshin
유희왕,遊☆戯☆王,Yu-Gi-Oh!
세일러문,美少女戦士セーラームーン,Sailor Moon
이누야샤,犬夜叉,InuYasha
란마 1/2,らんま1/2,Ranma 1/2
테니스의 왕자,テニスの王子様,The Prince of Tennis
블랙 클로버,ブラッククローバー,Black Clover
카드캡터 사쿠라,カードキャプターさくら,Cardcaptor Sakura
미스터 초밥왕,将太の寿司,Cooking Master Boy
코바야시네 메이드래곤,小林さんちのメイドラゴン,Miss Kobayashi’s Dragon Maid
바키,バキ,Baki
나츠메 우인장,夏目友人帳,Natsume’s Book of Friends
은하철도 999,銀河鉄道999,Galaxy Express 999
아기와 나,あずきちゃん,A Baby and Me
천재 바카본,天才バカボン,Tensai Bakabon
터치,タッチ,Touch
러브히나,ラブひな,Love Hina
아이실드21,アイシールド21,Eyeshield 21
배가본드,VAGABOND,Vagabond
베르세르크,ベルセルク,Berserk
사카모토 데이즈,SAKAMOTO DAYS,Sakamoto Days
푸른 상자,アオのハコ,Blue Box
장난을 잘 치는 타카기 양,からかい上手の高木さん,Teasing Master Takagi-san
고블린 슬레이어,ゴブリンスレイヤー,Goblin Slayer
전생했더니 슬라임이었던 건에 대하여,転生したらスライムだった件,That Time I Got Reincarnated as a Slime
노라가미,ノラガミ,Noragami
오등분의 신부,五等分の花嫁,The Quintessential Quintuplets
바쿠만,バクマン。,Bakuman
블루록,ブルーロック,Blue Lock
은수저,銀の匙 Silver Spoon,Silver Spoon
던전밥,ダンジョン飯,Delicious in Dungeon
아인,亜人,Ajin
게게게의 키타로,ゲゲゲの鬼太郎,GeGeGe no Kitaro
꽃보다 남자,花より男子,Boys Over Flowers
너에게 닿기를,君に届け,Kimi ni Todoke
카이지,賭博黙示録カイジ,Kaiji
지옥락,地獄楽,Hell’s Paradise
빈란드 사가,ヴィンランド・サガ,Vinland Saga
청의 엑소시스트,青の祓魔師,Blue Exorcist
일곱 개의 대죄,七つの大罪,The Seven Deadly Sins
마슐,マッシュル,Mashle
사이키 쿠스오의 재난,斉木楠雄のΨ難,The Disastrous Life of Saiki K.
모브 사이코 100,モブサイコ100,Mob Psycho 100
오버로드,オーバーロード,Overlord
괴수 8호,怪獣8号,Kaiju No. 8
메달리스트,メダリスト,Medalist
도망을 잘 치는 도련님,逃げ上手の若君,The Elusive Samurai
마왕성에서 잘 자요,魔王城でおやすみ,Sleepy Princess in the Demon Castle
카구야 님은 고백받고 싶어,かぐや様は告らせたい,Kaguya-sama: Love Is War
핑퐁,ピンポン,Ping Pong
클로버,CLOVER,Clover
나의 행복한 결혼,わたしの幸せな結婚,My Happy Marriage
바람계곡의 나우시카,風の谷のナウシカ,Nausicaä of the Valley of the Wind
천원돌파 그렌라간,天元突破グレンラガン,Gurren Lagann
유리!!! on ICE,ユーリ!!! on ICE,Yuri on Ice
미래일기,未来日記,Future Diary
암살교실,暗殺教室,Assassination Classroom
오란고교 호스트부,桜蘭高校ホスト部,Ouran High School Host Club
식극의 소마,食戟のソーマ,Food Wars! Shokugeki no Soma
노다메 칸타빌레,のだめカンタービレ,Nodame Cantabile
하늘의 유실물,そらのおとしもの,Heaven’s Lost Property
늑대아이,おおかみこどもの雨と雪,Wolf Children
진격! 거인중학교,進撃!巨人中学校,Attack! Titan Junior High
도쿄 에이리어,東京エイリアンズ,Tokyo Aliens
원피스 학원,ワンピース学園,One Piece School
라이어 게임,LIAR GAME,Liar Game
왕도둑 징,王ドロボウJING,King of Bandit Jing
헌터즈,HUNTER,Hunter
미생,未生,Misaeng
신과 함께,신과함께,Along with the Gods
이태원 클라쓰,이태원 클라쓰,Itaewon Class
유미의 세포들,유미의 세포들,Yumi’s Cells
닥터 프로스트,닥터 프로스트,Dr. Frost
나빌레라,나빌레라,Navillera
놓지마 정신줄,놓지마 정신줄,Don’t Lose Your Mind
덴마,덴마,Denma
타인은 지옥이다,타인은 지옥이다,Hell Is Other People
좀비딸,좀비딸,Zombie Daughter
마음의 소리,마음의 소리,Heartstrings
신의 탑,신의 탑,Tower of God
노블레스,노블레스,Noblesse
더 파이팅,더 파이팅,The Fighting
열혈강호,열혈강호,Tales of the Unusual
신암행어사,신암행어사,Shin Angyo Onshi
궁,궁,Goong
식객,식객,Le Grand Chef
풀하우스,풀하우스,Full House
드래곤퀘스트 다이의 대모험,ドラゴンクエスト ダイの大冒険,Dragon Quest: The Adventure of Dai
유희왕 듀얼몬스터즈,遊☆戯☆王デュエルモンスターズ,Yu-Gi-Oh! Duel Monsters
킹덤,キングダム,Kingdom
골든 카무이,ゴールデンカムイ,Golden Kamuy
아카기,アカギ,Akagi
쿠로코의 농구,黒子のバスケ,Kuroko’s Basketball
샤먼킹,SHAMAN KING,Shaman King
마법선생 네기마!,魔法先生ネギま!,Negima! Magister Negi Magi
러키☆스타,らき☆すた,Lucky Star
케로로 중사,ケロロ軍曹,Sgt. Frog
은혼: 더 파이널,銀魂 THE FINAL,Gintama: The Final
이누카미,いぬかみっ!,Inukami!
마기,マギ,Magi
금색의 갓슈!!,金色のガッシュ!!,Zatch Bell!
카케구루이,賭ケグルイ,Kakegurui
도망치는 건 부끄럽지만 도움이 된다,逃げるは恥だが役に立つ,We Married as a Job
우마루짱,干物妹!うまるちゃん,Himouto! Umaru-chan
플라네테스,プラネテス,Planetes
3월의 라이온,3月のライオン,March Comes in Like a Lion
목소리의 형태,聲の形,A Silent Voice
코미 양은 커뮤증입니다,古見さんは、コミュ症です。,Komi Can’t Communicate
소년탐정 김전일,金田一少年の事件簿,Kindaichi Case Files
아따맘마,あたしンち,Atashin’chi
괴도 세인트 테일,怪盗セイント・テール,Kaitou Saint Tail
보노보노,ぼのぼの,Bonobono
카드파이트!! 뱅가드,カードファイト!! ヴァンガード,Cardfight!! Vanguard
프리!,Free!,Free!
케이온!,けいおん!,K-On!
러브라이브!,ラブライブ!,Love Live!
아즈망가 대왕,あずまんが大王,Azumanga Daioh
이세계 삼촌,異世界おじさん,Uncle from Another World
플래티넘 엔드,プラチナエンド,Platinum End
도검난무,刀剣乱舞,Touken Ranbu
바람이 강하게 불고 있다,風が強く吹いている,Run with the Wind
미래소년 코난,未来少年コナン,Future Boy Conan
은하영웅전설,銀河英雄伝説,Legend of the Galactic Heroes
요츠바랑!,よつばと!,Yotsuba&!
사랑은 비가 갠 뒤처럼,恋は雨上がりのように,After the Rain
헬싱,HELLSING,Hellsing
사상최강의 제자 켄이치,史上最強の弟子ケンイチ,History’s Strongest Disciple Kenichi
비밀,秘密,Secret
나의 지구를 지켜줘,ぼくの地球を守って,Please Save My Earth
마을에 부는 산들바람,町でうわさの天狗の子,A Bride’s Story
아르슬란 전기,アルスラーン戦記,The Heroic Legend of Arslan
베이비 스텝,ベイビーステップ,Baby Steps
소라의 날개,あひるの空,Ahiru no Sora
코드 기어스,コードギアス,Code Geass
에반게리온,新世紀エヴァンゲリオン,Neon Genesis Evangelion
건담,機動戦士ガンダム,Mobile Suit Gundam
공각기동대,攻殻機動隊,Ghost in the Shell
사이버포뮬러,新世紀GPXサイバーフォーミュラ,Future GPX Cyber Formula
초시공요새 마크로스,超時空要塞マクロス,Macross
아키라,AKIRA,Akira
공의 경계,空の境界,The Garden of Sinners
마남 이치,魔男のイチ,Ichi the Witch
히마텐,ドメスティックな彼女,Himaten
카와라지,カワラジ,Kawaraji
하이큐 에이스,ハイキューエース,Haikyu Ace
마법소녀 마도카,魔法少女まどか☆マギカ,Puella Magi Madoka Magica
혼의 도서관,魂の図書館,Library of Souls
백작의 딸,伯爵の娘,The Countess’s Daughter
도박사,賭博師,The Gambler
도전,挑戦,Challenge
도전과 승리,挑戦と勝利,Challenge and Victory
도전과 희망,挑戦と希望,Challenge and Hope
도전과 용기,挑戦と勇気,Challenge and Courage
도전과 결심,挑戦と決意,Challenge and Determination
도전과 노력,挑戦と努力,Challenge and Effort
도전과 성공,挑戦と成功,Challenge and Success
도전과 영광,挑戦と栄光,Challenge and Glory
도전과 명예,挑戦と名誉,Challenge and Honor
도전과 존경,挑戦と尊敬,Challenge and Respect
도전과 감사,挑戦と感謝,Challenge and Gratitude
도전과 극복,挑戦と克服,Challenge and Overcome
도전과 기적,挑戦と奇跡,Challenge and Miracle
도전과 성취,挑戦と達成,Challenge and Achievement
도전과 패배,挑戦と敗北,Challenge and Defeat
도전과 승리자,挑戦者と勝者,Challenger and Winner
도전과 패배자,挑戦者と敗者,Challenger and Loser
은하!,銀河!,Galaxy!
삼월은 붉은 구렁을,三月は赤い,March is Red
벽 너머의 히어로,壁の向こうのヒーロー,Hero Beyond the Wall
주먹밥 소녀,おにぎり少女,Rice Ball Girl
세기의 악녀,世紀の悪女,Lady of the Century
강철전기 C21,鋼鉄戦記C21,Steel War Chronicle C21
마법사 파이,魔法使いパイ,Wizard Pai
스파이 인베스티게이션,スパイ・インベスティゲーション,Spy Investigation
도쿄 에스피,東京ESP,Tokyo ESP
렌지,レンジ,Renji
도전장,挑戦状,Challenge Letter
도전대회,挑戦大会,Challenge Tournament
도전하고 맞서기,挑戦して立ち向かう,Challenge and Face
도전과 달성,挑戦と達成,Challenge and Achievement
도전과 감사장,挑戦と感謝状,Challenge and Certificate
도전과 감사패,挑戦と感謝牌,Challenge and Plaque
도전과 감사훈,挑戦と感謝勲,Challenge and Medal
샘플작211,サンプル作品211,Sample Work 211
샘플작212,サンプル作品212,Sample Work 212
샘플작213,サンプル作品213,Sample Work 213
샘플작214,サンプル作品214,Sample Work 214
샘플작215,サンプル作品215,Sample Work 215
샘플작216,サンプル作品216,Sample Work 216
샘플작217,サンプル作品217,Sample Work 217
샘플작218,サンプル作品218,Sample Work 218
샘플작219,サンプル作品219,Sample Work 219
샘플작220,サンプル作品220,Sample Work 220
샘플작221,サンプル作品221,Sample Work 221
샘플작222,サンプル作品222,Sample Work 222
샘플작223,サンプル作品223,Sample Work 223
샘플작224,サンプル作品224,Sample Work 224
샘플작225,サンプル作品225,Sample Work 225
샘플작226,サンプル作品226,Sample Work 226
샘플작227,サンプル作品227,Sample Work 227
샘플작228,サンプル作品228,Sample Work 228
샘플작229,サンプル作品229,Sample Work 229
샘플작230,サンプル作品230,Sample Work 230
샘플작231,サンプル作品231,Sample Work 231
샘플작232,サンプル作品232,Sample Work 232
샘플작233,サンプル作品233,Sample Work 233
샘플작234,サンプル作品234,Sample Work 234
샘플작235,サンプル作品235,Sample Work 235
샘플작236,サンプル作品236,Sample Work 236
샘플작237,サンプル作品237,Sample Work 237
샘플작238,サンプル作品238,Sample Work 238
샘플작239,サンプル作品239,Sample Work 239
샘플작240,サンプル作品240,Sample Work 240
샘플작241,サンプル作品241,Sample Work 241
샘플작242,サンプル作品242,Sample Work 242
샘플작243,サンプル作品243,Sample Work 243
샘플작244,サンプル作品244,Sample Work 244
샘플작245,サンプル作品245,Sample Work 245
샘플작246,サンプル作品246,Sample Work 246
샘플작247,サンプル作品247,Sample Work 247
샘플작248,サンプル作品248,Sample Work 248
샘플작249,サンプル作品249,Sample Work 249
샘플작250,サンプル作品250,Sample Work 250
샘플작251,サンプル作品251,Sample Work 251
샘플작252,サンプル作品252,Sample Work 252
샘플작253,サンプル作品253,Sample Work 253
샘플작254,サンプル作品254,Sample Work 254
샘플작255,サンプル作品255,Sample Work 255
샘플작256,サンプル作品256,Sample Work 256
샘플작257,サンプル作品257,Sample Work 257
샘플작258,サンプル作品258,Sample Work 258
샘플작259,サンプル作品259,Sample Work 259
샘플작260,サンプル作品260,Sample Work 260
샘플작261,サンプル作品261,Sample Work 261
샘플작262,サンプル作品262,Sample Work 262
샘플작263,サンプル作品263,Sample Work 263
샘플작264,サンプル作品264,Sample Work 264
샘플작265,サンプル作品265,Sample Work 265
샘플작266,サンプル作品266,Sample Work 266
샘플작267,サンプル作品267,Sample Work 267
샘플작268,サンプル作品268,Sample Work 268
샘플작269,サンプル作品269,Sample Work 269
샘플작270,サンプル作品270,Sample Work 270
샘플작271,サンプル作品271,Sample Work 271
샘플작272,サンプル作品272,Sample Work 272
샘플작273,サンプル作品273,Sample Work 273
샘플작274,サンプル作品274,Sample Work 274
샘플작275,サンプル作品275,Sample Work 275
샘플작276,サンプル作品276,Sample Work 276
샘플작277,サンプル作品277,Sample Work 277
샘플작278,サンプル作品278,Sample Work 278
샘플작279,サンプル作品279,Sample Work 279
샘플작280,サンプル作品280,Sample Work 280
샘플작281,サンプル作品281,Sample Work 281
샘플작282,サンプル作品282,Sample Work 282
샘플작283,サンプル作品283,Sample Work 283
샘플작284,サンプル作品284,Sample Work 284
샘플작285,サンプル作品285,Sample Work 285
샘플작286,サンプル作品286,Sample Work 286
샘플작287,サンプル作品287,Sample Work 287
샘플작288,サンプル作品288,Sample Work 288
샘플작289,サンプル作品289,Sample Work 289
샘플작290,サンプル作品290,Sample Work 290
샘플작291,サンプル作品291,Sample Work 291
샘플작292,サンプル作品292,Sample Work 292
샘플작293,サンプル作品293,Sample Work 293
샘플작294,サンプル作品294,Sample Work 294
샘플작295,サンプル作品295,Sample Work 295
샘플작296,サンプル作品296,Sample Work 296
샘플작297,サンプル作品297,Sample Work 297
샘플작298,サンプル作品298,Sample Work 298
샘플작299,サンプル作品299,Sample Work 299
샘플작300,サンプル作品300,Sample Work 300
샘플작301,サンプル作品301,Sample Work 301
샘플작302,サンプル作品302,Sample Work 302
샘플작303,サンプル作品303,Sample Work 303
샘플작304,サンプル作品304,Sample Work 304
샘플작305,サンプル作品305,Sample Work 305
샘플작306,サンプル作品306,Sample Work 306
샘플작307,サンプル作品307,Sample Work 307
샘플작308,サンプル作品308,Sample Work 308
샘플작309,サンプル作品309,Sample Work 309
샘플작310,サンプル作品310,Sample Work 310
샘플작311,サンプル作品311,Sample Work 311
샘플작312,サンプル作品312,Sample Work 312
샘플작313,サンプル作品313,Sample Work 313
샘플작314,サンプル作品314,Sample Work 314
샘플작315,サンプル作品315,Sample Work 315
샘플작316,サンプル作品316,Sample Work 316
샘플작317,サンプル作品317,Sample Work 317
샘플작318,サンプル作品318,Sample Work 318
샘플작319,サンプル作品319,Sample Work 319
샘플작320,サンプル作品320,Sample Work 320
샘플작321,サンプル作品321,Sample Work 321
샘플작322,サンプル作品322,Sample Work 322
샘플작323,サンプル作品323,Sample Work 323
샘플작324,サンプル作品324,Sample Work 324
샘플작325,サンプル作品325,Sample Work 325
샘플작326,サンプル作品326,Sample Work 326
샘플작327,サンプル作品327,Sample Work 327
샘플작328,サンプル作品328,Sample Work 328
샘플작329,サンプル作品329,Sample Work 329
샘플작330,サンプル作品330,Sample Work 330
샘플작331,サンプル作品331,Sample Work 331
샘플작332,サンプル作品332,Sample Work 332
샘플작333,サンプル作品333,Sample Work 333
샘플작334,サンプル作品334,Sample Work 334
샘플작335,サンプル作品335,Sample Work 335
샘플작336,サンプル作品336,Sample Work 336
샘플작337,サンプル作品337,Sample Work 337
샘플작338,サンプル作品338,Sample Work 338
샘플작339,サンプル作品339,Sample Work 339
샘플작340,サンプル作品340,Sample Work 340
샘플작341,サンプル作品341,Sample Work 341
샘플작342,サンプル作品342,Sample Work 342
샘플작343,サンプル作品343,Sample Work 343
샘플작344,サンプル作品344,Sample Work 344
샘플작345,サンプル作品345,Sample Work 345
샘플작346,サンプル作品346,Sample Work 346
샘플작347,サンプル作品347,Sample Work 347
샘플작348,サンプル作品348,Sample Work 348
샘플작349,サンプル作品349,Sample Work 349
샘플작350,サンプル作品350,Sample Work 350
샘플작351,サンプル作品351,Sample Work 351
샘플작352,サンプル作品352,Sample Work 352
샘플작353,サンプル作品353,Sample Work 353
샘플작354,サンプル作品354,Sample Work 354
샘플작355,サンプル作品355,Sample Work 355
샘플작356,サンプル作品356,Sample Work 356
샘플작357,サンプル作品357,Sample Work 357
샘플작358,サンプル作品358,Sample Work 358
샘플작359,サンプル作品359,Sample Work 359
샘플작360,サンプル作品360,Sample Work 360
샘플작361,サンプル作品361,Sample Work 361
샘플작362,サンプル作品362,Sample Work 362
샘플작363,サンプル作品363,Sample Work 363
샘플작364,サンプル作品364,Sample Work 364
샘플작365,サンプル作品365,Sample Work 365
샘플작366,サンプル作品366,Sample Work 366
샘플작367,サンプル作品367,Sample Work 367
샘플작368,サンプル作品368,Sample Work 368
샘플작369,サンプル作品369,Sample Work 369
샘플작370,サンプル作品370,Sample Work 370
샘플작371,サンプル作品371,Sample Work 371
샘플작372,サンプル作品372,Sample Work 372
샘플작373,サンプル作品373,Sample Work 373
샘플작374,サンプル作品374,Sample Work 374
샘플작375,サンプル作品375,Sample Work 375
샘플작376,サンプル作品376,Sample Work 376
샘플작377,サンプル作品377,Sample Work 377
샘플작378,サンプル作品378,Sample Work 378
샘플작379,サンプル作品379,Sample Work 379
샘플작380,サンプル作品380,Sample Work 380
샘플작381,サンプル作品381,Sample Work 381
샘플작382,サンプル作品382,Sample Work 382
샘플작383,サンプル作品383,Sample Work 383
샘플작384,サンプル作品384,Sample Work 384
샘플작385,サンプル作品385,Sample Work 385
샘플작386,サンプル作品386,Sample Work 386
샘플작387,サンプル作品387,Sample Work 387
샘플작388,サンプル作品388,Sample Work 388
샘플작389,サンプル作品389,Sample Work 389
샘플작390,サンプル作品390,Sample Work 390
샘플작391,サンプル作品391,Sample Work 391
샘플작392,サンプル作品392,Sample Work 392
샘플작393,サンプル作品393,Sample Work 393
샘플작394,サンプル作品394,Sample Work 394
샘플작395,サンプル作品395,Sample Work 395
샘플작396,サンプル作品396,Sample Work 396
샘플작397,サンプル作品397,Sample Work 397
샘플작398,サンプル作品398,Sample Work 398
샘플작399,サンプル作品399,Sample Work 399
샘플작400,サンプル作品400,Sample Work 400
샘플작401,サンプル作品401,Sample Work 401
샘플작402,サンプル作品402,Sample Work 402
샘플작403,サンプル作品403,Sample Work 403
샘플작404,サンプル作品404,Sample Work 404
샘플작405,サンプル作品405,Sample Work 405
샘플작406,サンプル作品406,Sample Work 406
샘플작407,サンプル作品407,Sample Work 407
샘플작408,サンプル作品408,Sample Work 408
샘플작409,サンプル作品409,Sample Work 409
샘플작410,サンプル作品410,Sample Work 410
샘플작411,サンプル作品411,Sample Work 411
샘플작412,サンプル作品412,Sample Work 412
샘플작413,サンプル作品413,Sample Work 413
샘플작414,サンプル作品414,Sample Work 414
샘플작415,サンプル作品415,Sample Work 415
샘플작416,サンプル作品416,Sample Work 416
샘플작417,サンプル作品417,Sample Work 417
샘플작418,サンプル作品418,Sample Work 418
샘플작419,サンプル作品419,Sample Work 419
샘플작420,サンプル作品420,Sample Work 420
샘플작421,サンプル作品421,Sample Work 421
샘플작422,サンプル作品422,Sample Work 422
샘플작423,サンプル作品423,Sample Work 423
샘플작424,サンプル作品424,Sample Work 424
샘플작425,サンプル作品425,Sample Work 425
샘플작426,サンプル作品426,Sample Work 426
샘플작427,サンプル作品427,Sample Work 427
샘플작428,サンプル作品428,Sample Work 428
샘플작429,サンプル作品429,Sample Work 429
샘플작430,サンプル作品430,Sample Work 430
샘플작431,サンプル作品431,Sample Work 431
샘플작432,サンプル作品432,Sample Work 432
샘플작433,サンプル作品433,Sample Work 433
샘플작434,サンプル作品434,Sample Work 434
샘플작435,サンプル作品435,Sample Work 435
샘플작436,サンプル作品436,Sample Work 436
샘플작437,サンプル作品437,Sample Work 437
샘플작438,サンプル作品438,Sample Work 438
샘플작439,サンプル作品439,Sample Work 439
샘플작440,サンプル作品440,Sample Work 440
샘플작441,サンプル作品441,Sample Work 441
샘플작442,サンプル作品442,Sample Work 442
샘플작443,サンプル作品443,Sample Work 443
샘플작444,サンプル作品444,Sample Work 444
샘플작445,サンプル作品445,Sample Work 445
샘플작446,サンプル作品446,Sample Work 446
샘플작447,サンプル作品447,Sample Work 447
샘플작448,サンプル作品448,Sample Work 448
샘플작449,サンプル作品449,Sample Work 449
샘플작450,サンプル作品450,Sample Work 450
샘플작451,サンプル作品451,Sample Work 451
샘플작452,サンプル作品452,Sample Work 452
샘플작453,サンプル作品453,Sample Work 453
샘플작454,サンプル作品454,Sample Work 454
샘플작455,サンプル作品455,Sample Work 455
샘플작456,サンプル作品456,Sample Work 456
샘플작457,サンプル作品457,Sample Work 457
샘플작458,サンプル作品458,Sample Work 458
샘플작459,サンプル作品459,Sample Work 459
샘플작460,サンプル作品460,Sample Work 460
샘플작461,サンプル作品461,Sample Work 461
샘플작462,サンプル作品462,Sample Work 462
샘플작463,サンプル作品463,Sample Work 463
샘플작464,サンプル作品464,Sample Work 464
샘플작465,サンプル作品465,Sample Work 465
샘플작466,サンプル作品466,Sample Work 466
샘플작467,サンプル作品467,Sample Work 467
샘플작468,サンプル作品468,Sample Work 468
샘플작469,サンプル作品469,Sample Work 469
샘플작470,サンプル作品470,Sample Work 470
샘플작471,サンプル作品471,Sample Work 471
샘플작472,サンプル作品472,Sample Work 472
샘플작473,サンプル作品473,Sample Work 473
샘플작474,サンプル作品474,Sample Work 474
샘플작475,サンプル作品475,Sample Work 475
샘플작476,サンプル作品476,Sample Work 476
샘플작477,サンプル作品477,Sample Work 477
샘플작478,サンプル作品478,Sample Work 478
샘플작479,サンプル作品479,Sample Work 479
샘플작480,サンプル作品480,Sample Work 480
샘플작481,サンプル作品481,Sample Work 481
샘플작482,サンプル作品482,Sample Work 482
샘플작483,サンプル作品483,Sample Work 483
샘플작484,サンプル作品484,Sample Work 484
샘플작485,サンプル作品485,Sample Work 485
샘플작486,サンプル作品486,Sample Work 486
샘플작487,サンプル作品487,Sample Work 487
샘플작488,サンプル作品488,Sample Work 488
샘플작489,サンプル作品489,Sample Work 489
샘플작490,サンプル作品490,Sample Work 490
샘플작491,サンプル作品491,Sample Work 491
샘플작492,サンプル作品492,Sample Work 492
샘플작493,サンプル作品493,Sample Work 493
샘플작494,サンプル作品494,Sample Work 494
샘플작495,サンプル作品495,Sample Work 495
샘플작496,サンプル作品496,Sample Work 496
샘플작497,サンプル作品497,Sample Work 497
샘플작498,サンプル作品498,Sample Work 498
샘플작499,サンプル作品499,Sample Work 499
샘플작500,サンプル作品500,Sample Work 500
